<?xml version="1.0" encoding="UTF-8"?>
<project-private xmlns="http://www.netbeans.org/ns/project-private/1">
    <editor-bookmarks xmlns="http://www.netbeans.org/ns/editor-bookmarks/2" lastBookmarkId="0"/>
    <open-files xmlns="http://www.netbeans.org/ns/projectui-open-files/2">
        <group>
            <file>file:/C:/Users/Felix/Documents/modulo1/abstraccion/src/abstraccion/abs/CostaRica.java</file>
            <file>file:/C:/Users/Felix/Documents/modulo1/abstraccion/src/abstraccion/abs/ElSalvador.java</file>
            <file>file:/C:/Users/Felix/Documents/modulo1/abstraccion/src/abstraccion/Abstraccion.java</file>
            <file>file:/C:/Users/Felix/Documents/modulo1/abstraccion/src/pais.java</file>
            <file>file:/C:/Users/Felix/Documents/modulo1/abstraccion/src/abstraccion/abs/pais.java</file>
            <file>file:/C:/Users/Felix/Documents/modulo1/abstraccion/src/abstraccion/abs/Honduras.java</file>
        </group>
    </open-files>
</project-private>
